company_name,job_count
Amazon,134
Genpact,116
EXL,82
Amgen,80
JPMorganChase,78
Accenture,69
Citigroup,65
Barclays,62
Acura Solution,31
Citi,29
Capco,28
pwc,28
American Express,26
Ecolab,26
ABB,21
Jobgether,21
Guidehouse,19
People First Consultants,19
PricewaterhouseCoopers,19
Luxoft,18
Thermo Fisher Scientific,18
Cognizant,17
Paytm,17
State Street,17
Dentsu,16
Cigna Group,15
Novartis,15
TriNet,15
Financial Services,14
Fiserv,14
Hitachi,14
Mantras2Success,14
SkySun,14
Bajaj Finance,13
FedEx,13
Hitachi Energy,13
Invesco,13
"NTT America, Inc.",13
NextHire,13
Zensar Technologies,13
Roche,12
Allegiance Benefit Plan Management,11
Goldman Sachs,11
Happiest Resume,11
Mastercard,11
Medtronic,11
NielsenIQ,11
Wells Fargo Bank,11
Ameriprise Financial,10
Broadridge,10
Cohere Health,10
Cushman & Wakefield,10
Deutsche Bank,10
Elsevier,10
KPMG Ukraine,10
Kroll,10
NetApp,10
Okta,10
Parexel,10
RECEX,10
mufgub,10
ASSPL - Karnataka,9
Honeywell,9
MUFG Pension & Market Services,9
Mitsubishi UFJ Financial Group,9
Synchrony,9
Wells Fargo,9
db,9
Airbus,8
Caterpillar Inc.,8
Clarivate,8
Conduent,8
Kotak Mahindra Bank,8
MM Staffing & Career Consultants,8
Mancraft Consulting,8
MiniMed,8
NatWest Group,8
Northern Trust,8
Quality Engineering,8
Sanofi,8
Sprinklr,8
Talent Leads Consultants,8
WSP,8
Weekday AI,8
mdtkangaroo,8
Ameriprise,7
Avery Dennison,7
BSR & Co,7
Bristol Myers Squibb,7
CSB Bank,7
Colgate-Palmolive,7
Cummins,7
Cummins Inc.,7
Emerson,7
GSK,7
HP,7
ICE,7
MUFG Global Service,7
Moody's,7
Novo Nordisk,7
Photon,7
Photon Group,7
SimCorp,7
SopraSteria1,7
Syneos Health,7
UnitedHealth Group,7
Zensar,7
ADCI - BLR 14 SEZ - F07,6
Albertsons Companies India,6
Capgemini,6
Caterpillar,6
Cisco,6
Commonwealth Bank of Australia,6
Cornerstone OnDemand,6
Criteo,6
CrowdStrike,6
DTCC,6
Headout,6
Hewlett Packard Enterprise,6
Ingram Micro,6
OneMagnify,6
Palo Alto Networks,6
SWISS RE,6
Stryker,6
Talent Pro,6
Thomson Reuters,6
nVent,6
ADCI - Karnataka,5
Adani Group,5
Addepar,5
Bosch Group,5
Cencora,5
Eaton Corporation,5
Egon Zehnder,5
Equitas Small Finance Bank,5
Ethos Life,5
Eurofins,5
Finkraft,5
Firstsource,5
Franklin Templeton,5
GCC India,5
Havas,5
Hunarstreet Technologies Pvt Ltd,5
InTouch CX,5
Johnson & Johnson,5
Lonza,5
Merck,5
Merkle Science,5
Micron,5
Milestone Online Technology,5
Morgan Stanley,5
Morningstar,5
Neolytix,5
PerkinElmer,5
PhonePe,5
Rubrik,5
Scan-IT,5
Sia,5
The Cigna Group,5
The Nielsen Company,5
UPS,5
Vrinda International,5
WSP USA,5
WSP in Africa,5
We Search,5
Yubi,5
Zeta Global,5
Zynga,5
cba,5
ecsme,5
lplfinancial,5
ADCI - Karnataka - A66,4
ADCI HYD 13 SEZ,4
Adani,4
Apex Group,4
Apna,4
AppsForBharat,4
Arcadis,4
Aspyra Hr Services,4
AtkinsRéalis,4
CGI,4
CIBC India,4
Clean Harbors,4
Clearwater Analytics,4
CoverGo,4
DC Consultants,4
Danaher Corporation,4
Dataeconomy,4
Episode Six,4
GLOBALFOUNDRIES,4
Gartner,4
Goodyear,4
HEXAWARE,4
Haleon,4
Hewlett Packard (HP),4
In Touch,4
Insurity,4
JLL,4
KPMG,4
Kadel Labs,4
Kraft Heinz,4
Laminaar Aviation Infotech India,4
Lowe s,4
MAXGEN TECHNOLOGIES PRIVATE LIMITED,4
Micron Technology,4
Nextpower,4
Nielsen,4
Portcast,4
Qualitykiosk Technologies Private Limited,4
RELX,4
RELX INC,4
RTX,4
Right Advisors,4
SLB,4
Schneider Electric,4
Smiths Detection Group,4
TE Connectivity,4
TRG Screen,4
Teamlease Digital Private Limited,4
Teleperformance,4
Tide,4
Trigent Software Private Limited,4
Wissen Technology,4
Worldpay,4
theapexgroup,4
weekday-1,4
2028 Takeda Innovations India,3
ASSPL - Karnataka - B56,3
Aeries Technology,3
Albemarle,3
Align Technology,3
Allegion,3
Altera Corporation,3
Amazon FinOps,3
Amex,3
Arcadia,3
Arcana Analytics,3
Arrow,3
AstraZeneca,3
Avantor,3
BNP Paribas,3
Black Box,3
BlackRock,3
Brillminds Global,3
Central Business Solutions,3
Ciklum,3
Cognex,3
Cognex Corporation,3
Colruyt Group,3
Columbia Sportswear,3
Consilio,3
DBS Bank,3
Ebizon,3
FNZ,3
Fidelity International,3
First Advantage,3
Flexera Software,3
Foundever,3
GetixHealth,3
Glance,3
Greif,3
HSBC,3
Hexaware Technologies,3
Huron,3
Hyatt,3
JB Pointdexter,3
Kyndryl,3
London Stock Exchange Group,3
MSD,3
Madison Logic,3
McCormick & Company,3
Modernizing Medicine,3
Multitude,3
Müller`s Solutions,3
NEC Software Solutions,3
NICE,3
NNE,3
Nasdaq,3
New Era Technology,3
Oceaneering,3
Onclusive,3
Oracle,3
Payoneer,3
Peak Hire Solutions,3
Post A Resume,3
Precision Medicine Group,3
Prudential,3
Quantiphi,3
Ralph Lauren,3
Redwood Software,3
Regnology,3
Rentokil Initial,3
Rippling,3
Risosu Consulting LLP,3
Russell Investments,3
Sandisk,3
Sandoz,3
Sanofi: R&D-Driven and AI-Powered Biopharmaceutical Company,3
Smarsh,3
Solventum,3
Sparix Global.,3
Staffnixcom,3
Strada,3
TELUS Digital AI Data Solutions,3
Takeda,3
Talisman HR Solutions,3
TaskUs,3
Tech Smcsquared Gcc,3
Techwave,3
ThoughtFocus,3
Topcoder,3
Trelleborg Group,3
Trellix,3
Tribute Technology,3
Tsaaro,3
Turing Jobs Feed,3
Unisys,3
Vodafone,3
WTW,3
Wahed,3
ZAGENO,3
Zoetis,3
dbs,3
dunnhumby,3
emagine,3
emagine Polska,3
nextracker,3
travelhrportal,3
2coms,2
ACKO,2
ADCI - BLR 14 SEZ,2
ADCI HYD 20 SEZ,2
ADP Private Limited,2
ADTM Adenza Technology de Mexico S de RL de CV,2
ARTECH INFOSYSTEMS PRIVATE LIMITED,2
AVEVA,2
Accellor,2
Accenture India Private Limited,2
Acme Services Private Limited,2
Acumen360 Consulting & HR Solutions,2
AddWeb Solution,2
Adient,2
Adobe,2
Advarra,2
Agilent Technologies,2
Agiliad Technologies,2
Aliqan Services,2
All Generation Tech,2
Alpha Sense,2
AlphaSense India,2
Altera Semiconductor,2
Amazon Dev Center India - Hyderabad,2
AmerisourceBergen,2
Amherst College,2
Analog Devices,2
Anaplan,2
Anchanto,2
Appian,2
Applied Information Sciences,2
Applied Materials,2
Apraava Renewable Energy,2
Ara Resources Private Limited,2
Are you in?,2
Arrow Electronics,2
Atlys,2
Avaloq,2
Avnet,2
Azira,2
BNY Mellon International Operations India Private Limited,2
BP,2
Baker Tilly,2
Blackbaud,2
Blend 360,2
Blink Health,2
Bread Financial,2
CODEMONK,2
CWAN,2
Candescent,2
Capita,2
Caratlane,2
Care Access,2
Career Creed HR Services,2
Carrier,2
Carrier Corporation,2
Carrier Global,2
CertifyOS,2
Chevron,2
Chubb,2
Circle K Stores,2
ClearView Healthcare Partners,2
CloudSEK,2
Colgate-Palmolive Company,2
Comcast,2
Community Empowerment Lab,2
Computershare,2
Conduent Business Services India LLP,2
Consilio LLC,2
Coupang Internal,2
Criteo Technology,2
Cyncly,2
DNEG,2
DP World,2
DXC Technology,2
Danaher,2
Davies,2
Delhi,2
Deloitte,2
Deutsche Börse Group,2
Diebold Nixdorf,2
DrinkPrime,2
Dynarex Technologies PvtLtd,2
ENH iSecure,2
ERM,2
EVERSANA,2
EXC Managed Services,2
EY,2
Easemytrip com,2
Ebizon Net Info,2
Elastic,2
Emerson Electric,2
Emirates NBD,2
Empower Retirement,2
Epicor,2
Episode Six US,2
EquiLend,2
Equifax,2
Esyasoft,2
Evnek,2
ExcelSoft Technologies,2
Exioms Technology,2
Experis,2
Expleo,2
FM India,2
FOURESS SYNERGY,2
FairMoney,2
FinThrive,2
Flatirons Solutions,2
Flix,2
Fortive,2
Fortrea,2
Freyr Energy,2
GEA,2
Game District,2
General Mills,2
Genl Mills India Priv,2
Graviton Research Capital,2
Graviton Research Capital LLP,2
Guardian Life,2
Guidewire Software,2
Harmony United Psychiatric Care,2
Harris Computer,2
Harsco India Private Limited,2
Health Catalyst,2
Hevo Data,2
Hilti,2
Hilton,2
Hirestar job Bank,2
IBS Software,2
IFF,2
Indegene,2
Indiana University Health,2
Informa Group,2
Informa Group Plc,2
Insight Global,2
Instawork,2
Intuit,2
JB Poindexter (India) Private Limited,2
Jade Global,2
JazzX AI,2
Johnson Controls,2
JumpCloud,2
KLDiscovery,2
Kaseya,2
Kayzen,2
Khan Academy,2
Kimberly-Clark,2
Kissht,2
Kong,2
Kuehne+Nagel,2
LRN Corporation,2
LSEG,2
LUXASIA,2
Lam Research,2
Landor,2
LaunchDarkly,2
Levi Strauss & Co.,2
LexisNexis Risk Solutions,2
LogicMonitor,2
Logitech,2
Lowes Services India Private limited,2
Loyalty Juggernaut,2
"Loyalty Juggernaut, Inc",2
MMS,2
MRI,2
Magna International,2
Marlabs,2
Marmon Holdings,2
Marriott,2
Marriott Hotels Resorts,2
Marriott International,2
Mastercard US,2
McDonalds in India,2
Medline,2
MerQube,2
MiQ,2
Michelin,2
MillerKnoll,2
Moniepoint,2
Mumbai Rozgaar,2
NCR Vyoix,2
Nalco Water,2
"Nasdaq: Stock Market, Data Updates, Reports & News",2
Nayara Energy,2
Ness Digital Engineering,2
NewRocket,2
Nium,2
OIP Insurtech,2
ORBIT & SKYLINE,2
Ocasa,2
OctagoTech - Odoo Partner USA,2
Officeworks,2
OsbIndia,2
PS Human Resources and Consultants,2
PVH,2
Pattern,2
Portage Point Partners,2
Pplanet HR Services,2
Priceline,2
Prodigal,2
Pure Storage,2
Quess Corp Limited,2
RTX Corporation,2
Razorpay,2
Regal Rexnord,2
Rehlko,2
RingCentral,2
Roblox,2
Rockwell Automation,2
Rolls-Royce,2
S&P Global,2
SBI Card,2
SEI,2
SLK Software,2
SPAR Solutions,2
Salesforce,2
Salesforce: The #1 AI CRM,2
Sanofi Group,2
Saxo Bank,2
Security and Intelligence Services,2
SentinelOne,2
SequoiaAT,2
Shell,2
Showpad,2
Sia Partners,2
Signify,2
Softobiz,2
Spaulding Ridge,2
Squarepoint Capital,2
Standard Chartered,2
Stantec,2
StockX,2
Synechron,2
TJX,2
TJX India,2
TSS Consultancy Pvt. Ltd.,2
TTEC India Customer Solutions Private Limited,2
Takeda Pharmaceutical,2
Tala,2
Tata Capital,2
Taylor and Francis,2
Tekwissen India,2
Tenacious Techies,2
The Citco Group,2
The Goodyear Tire & Rubber Company,2
The Toro Company,2
The Vanguard Group,2
Time Hack Consulting,2
Titanium Consulting,2
Toast,2
TopGear Consultants Private Limited,2
TransUnion,2
Travel Leaders Group,2
Travelex,2
Travelwings,2
Trinity Life Sciences,2
TripleLift,2
Two95 International Inc.,2
UKG,2
Valeo,2
Valtech,2
Vanguard,2
Vantiva,2
Varite,2
Veeva Systems,2
Veradigm,2
Verisk,2
WPP,2
Warner Bros,2
WeWork India,2
WebBee Global,2
Welo Global,2
Welocalize,2
Whatfix,2
Wipro,2
Wolters Kluwer,2
WorldQuant,2
Worldwide Clinical Trials,2
XenonStack,2
abglobal,2
agilent,2
alliancedata,2
columbiasportswearcompany,2
fil,2
fractal,2
healthcare,2
hpe,2
integrichain1,2
iprogrammer,2
nagarro1,2
newperkinelmer,2
russell,2
symplr,2
travclan,2
vwr,2
2070health,1
3 KUBED CONSULTING INDIA PRIVATE LIMITED,1
3M,1
3i Infotech Limited,1
8080-Johnson & Johnson Legal Entity,1
A.P. Moller - Maersk,1
A300-Good Year India Limited,1
ABRACON,1
ADCI - Maharashtra,1
ADCI HYD 13 SEZ - H84,1
ADCI HYD 16 SEZ,1
ADCI MAA 15 SEZ,1
ADM,1
ADP,1
AGCO Corporation,1
AKDN,1
ALIQAN Technologies,1
AMOLTECHNOLOGIES,1
ANZ Banking Group,1
APEXX Global,1
AQM Technologies Private Limited,1
AQR,1
AQR Arbitrage,1
AQR India,1
ARCIS e Services,1
ASM Technologies,1
ASSPL - Maharashtra - C32,1
ASSPL - Telangana,1
ASSPL - Telangana - D82,1
AVI-SPL India,1
AVIGNAAI PRIVATE LIMITED,1
Accelint,1
Accelleron,1
Accelya,1
Accenture India Private,1
Acesoft Labs India Private Limited,1
Actide International,1
Aditi Tech Consulting Private Limited,1
Advanced Energy,1
Aggne,1
Airpay Services,1
Alcon,1
Alcon Laboratories,1
Alembic Pharmaceuticals,1
Algoworks,1
Alight,1
Allen Online,1
AllianceBernstein LP,1
Altinvest Online Platform Pvt Ltd,1
Amazon - Middle Mile,1
Amazon Dev Center India - Hyderabad - A85,1
Amazon Development Centre Private Limited - S55,1
Amazon Now,1
Amazon Pay Private Limited,1
Amazon Pay Private Limited - D32,1
Amgen Technology Private Limited,1
Amicus India,1
Amukha Technologies Private Limited,1
Antal International,1
Antier Solutions Pvt. Ltd,1
Apollo Global,1
Apollo Management Holdings,1
Applicate,1
Apprication pvt ltd,1
"Arcwood Environmental, LLC",1
Arista Networks,1
Aristok Technologies,1
Arminus,1
Artefact,1
Arthan,1
Arting Digital,1
Astellas Pharma,1
Athelas,1
Athena Health,1
Ather Energy,1
Atkinsr Alis,1
Augusta Infotech,1
Autoplant Systems,1
Avaloq1,1
Avasant,1
Avient,1
Avigna AI,1
Avinash Jagdishchandra Gupta Hiring For GeoQuant A fitch Solution company,1
Axis My India,1
Axtria,1
Ayr Energy,1
BMW TechWorks,1
BNB Land Consultancy,1
BPM,1
Badger Infrastructure Solutions,1
Bankai Infotech,1
Bansal Roofing Products,1
Barracuda Networks,1
Baxter,1
"BayApps, Inc.",1
Beghou Consulting,1
Beiersdorf,1
Benchmark Gensuite,1
Benchmark IT Solutions,1
Beworld web services,1
Bill Gosling Outsourcing,1
Black Duck Software,1
"Black Duck Software, Inc.",1
Blueberry Digital Labs,1
Bodycraft,1
Booking Holdings,1
Bradken,1
Buckman International,1
Bullpen Capital,1
Bunge,1
Bureau Veritas,1
Byteridge,1
CACI,1
CDM Smith,1
CSM Technologies Private Limited,1
Calpion Software Technologies,1
Calypso Technology,1
Campus Management,1
Candor Health,1
Cantor Fitzgerald,1
Capgemini Technology Services India Limited,1
Carelon Global Solutions,1
Cargill,1
Carlisle Companies,1
Cars24,1
Center for Computational Technologies,1
CheQ,1
Chevron Corporation,1
Chloe,1
Cigna,1
Circles,1
Citco,1
Climate Collective Foundation,1
Codezeros,1
Coditas Technologies,1
Colan Infotech,1
Colan Infotech Private Limited,1
Colliers,1
Colruyt IT Consultancy India,1
Commergence,1
Concentrix,1
Confido Health,1
Confluencr Global Influencer Marketing Agency,1
Connect Pro Srl,1
Continental,1
Corporate Website of Orange,1
Corteva,1
Corteva Agriscience,1
Cosmoquick,1
Cotiviti,1
Coupang,1
Credeau,1
Credit Acceptance Careers,1
Credit Acceptance Corporation,1
Creeno Solutions Private Limited,1
Cube84,1
Cubist Systematic Strategies,1
Cytiva Life Science,1
DAZN,1
DBS Bank India Limited,1
DHL,1
DS Group,1
DS Smith,1
Dautom,1
DealerOn,1
DealerSocket,1
Deccan AI Experts,1
Decipher Zone Technologies,1
Definian,1
Delhivery,1
Delta Capita,1
Delta Exchange,1
Dev Technosys Pvt. Ltd.,1
Dev Technosys- CMMI Level 3,1
DexCare,1
Diebold,1
Digantara,1
Digital Twin,1
Digitide Solutions Limited,1
Diraa HR Services,1
Dolby,1
DoorDash,1
DoorDash India,1
Dozee,1
Dreampath Services,1
DriveX,1
E Zest,1
EAX Media,1
Ebix Software India Private Limited,1
Edelweiss Global Markets,1
Electronic Arts,1
Elemica Solutions,1
Eli Lilly And Company,1
Eli Lilly Services India,1
Embark GCC,1
Emergent Labs,1
Emids,1
Emotions for Business,1
Empower,1
Enable Data Incorporated,1
Encora Technologies Pte Ltd,1
Endava,1
Enormous Enterprise LLC,1
Enphase Energy,1
Ensono,1
Equiniti,1
Ericsson,1
Estuate Software,1
Esyasoft Technologies Private Limited,1
Ethos,1
Etraveli Group,1
Euclid Innovations Private Limited,1
Evernorth,1
Evoke HR Solutions,1
Exly,1
Expedia,1
Expedia Group,1
Experian,1
ExxonMobil,1
FIS,1
FIS Capital Markets,1
Fastenal,1
Fastly,1
Ferguson,1
Fidelity National Information Services,1
Fireblaze AI School,1
First Citizens India,1
Flare Capital Partners,1
Flexera,1
Flight Centre,1
Flipkart,1
Fluence Energy,1
Fluor,1
Foray Software Private Limited,1
Ford,1
Fortive Corporation,1
Foundation SVKM,1
Foyforyou,1
Franklin Templeton India,1
Fresenius Medical Care,1
Friar Service India,1
Frontline Managed Services,1
Fulcrum Digital,1
Fusemachines,1
Fusion CX,1
Fynd,1
GMR Group,1
Gainwell Technologies,1
Gameskraft,1
Genesis Global,1
Genpact India,1
Gieom Business Solutions Pvt Ltd,1
Global Industrial,1
Global Leader in Product Lifecycle Management Software,1
Global Payments,1
Global Payments Inc.,1
GoDaddy,1
Goodyear Corporate,1
Gratitude Inc,1
Great Techno Tycoon,1
Greenlight Planet,1
GroundTruth,1
Groundtruth India Pvt Ltd,1
Growbiz Solutions,1
Guardian Life Insurance Company,1
HARMAN International,1
HCL Technologies Limited,1
HCL Technologies Ltd,1
HDFC Bank,1
HDFC ERGO General Insurance,1
HEN Technologies,1
HOLOSTIK,1
Harman Becker Automotive Systems Manufacturing Kft,1
Harris,1
Harrison Steel,1
Harvey,1
Havells,1
HealthEdge,1
HealthEdge: Healthcare SaaS To Accelerate Digital Transformation,1
Highrise Solutions LLP,1
HireMap,1
Hogarth World Wide,1
Honeywell Aerospace,1
Howmet Aerospace,1
Hudson Data,1
Hunt Remotely,1
Huron Consulting Services,1
Hyatt Place,1
IDFC FIRST Bank,1
IIDE,1
IKA India,1
IKS Health,1
IMA India,1
IQ-EQ,1
ISS STOXX,1
ITC WORLDWIDE,1
Icertis,1
Immerse Analytics,1
Impact Guru,1
Impetus Technologies,1
InRisk Labs,1
Inchcape Shipping Services,1
Incontact,1
Indovinya,1
Inficore Soft,1
Infineon,1
Informa,1
Infosys,1
Infotel UK,1
Inizio,1
Innefu Labs Limited,1
InnovMetric Logiciels|Software,1
InnovMetric Software Inc.,1
IntegriChain,1
Intercontinental Exchange,1
Interscripts,1
"Interscripts, Inc.",1
InvestCloud,1
InvestCloud Careers,1
J&J Family of Companies,1
JAGGAER,1
JB Pointdexter & Co,1
JRD Systems,1
Jabil,1
Jefferies,1
Jetking Technologies Private Limited,1
Jinvani Channel,1
Jobgenix,1
Jobskey Consultancy,1
Johnson and Johnson,1
Juniper Square,1
"KMK Consulting, Inc.",1
KPMG Assurance and Consulting Services LLP,1
Kanerika Software Private Limited,1
Kemin,1
Kenvue,1
Kevit.io,1
Kidde-Fenwal,1
Kushal's Fashion Jewellery,1
Kvc Consultants Ltd,1
LT-Larsen & Toubro,1
Lancesoft India Private Limited,1
Landmark Group,1
Laundryheap,1
Lead India,1
LeadSquared,1
Learntastic,1
Leegality,1
Lingaro,1
Lingaro Group,1
Lloyds Bank,1
Lokal App,1
Louis Dreyfus Company,1
Lowe's Home Centers,1
Lumilens,1
Lumoslogic,1
Luxoft India Llp,1
M&G Global Services,1
MCTC,1
METRO Global Solution Center IN,1
MRI Software,1
MSCI,1
MSCI Recruitment 2026 – Associate Software Engineer (AI & Python ...,1
MTAB Technology Center P Ltd,1
MUFG Americas,1
MUFG Bank,1
MUFG Global Service (MGS),1
MYK LATICRETE,1
Maersk,1
"Magna International, Inc",1
Magnera Corporation,1
Makro Group,1
Mantra Aura,1
Mapps It Services,1
Marriott Tech Accelerator,1
Mashreq Bank,1
Mattel,1
Mattel Inc,1
Mavenbmc Faridabad,1
Mayura Consultancy Services,1
McKinsey & Company,1
Medhavi WISE,1
MediaMint,1
MediaRadar,1
"Medpace, Inc.",1
Mepa2z Llp,1
Mercer,1
Micro Academy India Private Limited,1
Microsoft,1
Miles Education,1
Millenium Infotech,1
Milliman,1
MiraTech,1
Mlops Solutions Pvt Ltd,1
Modern Healthcare Financial Experiences are Built with Zelis,1
Momentive,1
Momentum Group Limited,1
MongoDB,1
MoonPay,1
Mott Macdonald,1
Moving Walls,1
Mspire Ventures,1
MyCareernet Hiring Now,1
Myntra,1
NAM Info Pvt Ltd,1
NMIMS,1
NSM Services,1
NTT,1
NTT DATA North America,1
NanoNets,1
Navan,1
Navrang HR Solutions,1
NebuLogic Technologies,1
Nestle,1
Netomi,1
Neudesic Technologies Private Limited,1
Newfold Digital Philippines Inc,1
Newmark,1
News Corp,1
NextWave Consulting Ltd,1
Nifty’s,1
Nirmitee.io,1
Nitika Pharmaceutical Specialities,1
Novel Office,1
Novrelease,1
NuageCX Consulting,1
Numerix,1
ONIT,1
Oaktree Capital Management,1
OculusIT,1
Oddup,1
Old National Bank,1
Onity Group Inc.,1
OnlineJobs.PH,1
Onzestt Services India Private Limited,1
Opalus Investments LLC,1
Opella Healthcare IN P.,1
Optum India,1
Orange,1
Otsuka Pharmaceutical India Pvt Ltd,1
Ouryahoo,1
Outpost VFX,1
Owens & Minor,1
PIPEx,1
PNB MetLife,1
PVH Corp.,1
PaisaSmart,1
Parker Group,1
PassionMojo,1
Pavago,1
Pearce Services Global (PSG),1
Pearl,1
Pearson,1
Pennant Technologies Private Limited,1
Peopleclick Techno Solutions Pvt.ltd,1
Peoplefy Infosolutions Private Limited,1
PepsiCo,1
Perceptive Analytics,1
Pericent BPMDMS software,1
Persistent Systems,1
Petrofac,1
Phenom People,1
Pilot Thomas Logistics,1
PineBridge Investments,1
Pinnacle Reliability India,1
Piramal Pharma,1
PlaySimple Games,1
Plum Benefits,1
Pmc Rubber Chemicals,1
Point72,1
Pointo,1
Policy Planner,1
Precision AQ,1
Pretium Enterprise Services,1
PrismHR,1
Private Limited,1
ProArch,1
ProcDNA,1
"Propel Consulting Services, Inc.",1
Pss Global,1
PulsePoint,1
Q2 Software,1
QAgile Services,1
Qnity,1
Quantum IT Innovation,1
Qube Research & Technologies,1
Quess Enterprise,1
Qure.ai,1
REA,1
RED Global,1
RSM,1
RWS,1
RWS Group,1
Radiansys Technologies,1
ReSource Pro,1
Redfoxa Careerlink Pvt Ltd,1
Refining Skills Academy,1
Rehiko,1
RemoteLegalStaff,1
Renesas,1
Renesas Electronics,1
Rentomojo,1
Rezo.ai,1
Riveron,1
Roboyo,1
RoshanSpace,1
Röhlig Blue Services India,1
SOURCBOX SOLUTION,1
SPECTRAFORCE,1
SVKM's Narsee Monjee Institute of Management Studies,1
SYSTRA,1
Saama Technologies,1
Sage,1
Saxon Global INC,1
Scale IR,1
Scopely,1
ScoutforU Consultants,1
Seattle New Media,1
Seeking Alpha,1
ServiceTitan,1
Seternity Solutions,1
Seven N Half Private Limited,1
Siemens 1,1
Silicon Labs Pvt.Ltd,1
Simform,1
Simulationhub,1
Sisco Jobs,1
Skan AI,1
Skeps,1
Skillmine Technology,1
Skillz,1
Skillz Inc.,1
Skylink Fibernet,1
Smart Work Consultants,1
Smith+Nephew,1
Software Engineering Firm,1
SoftwareOne,1
SolarWinds,1
Sole Point,1
Solenis,1
Sonata Software,1
Sophos,1
Sopra Steria,1
Spectra Technovision,1
Spikewell,1
SquadStack,1
Stats Perform,1
StatusNeo,1
Stillfront Group,1
Stolt-Nielsen Digital Innovation Centre,1
Stripe,1
Sulzer,1
Sun Dew Solutions Private Limited,1
Sun Life,1
SuperProcure,1
Supplier.io,1
TAAS Partners,1
TD Synnex,1
TELUS International AI Inc,1
TIN Capital,1
TJX Companies,1
TMF,1
TalentOla,1
Talentone HR Consulting LLP,1
Tap Invest,1
Tech Firefly,1
Tech Mahindra,1
TechBiz Global GmbH,1
Techcom Solutions India Private Limited,1
TekClan,1
TekFriday,1
Telemploy,1
Terralogic Software Solutions,1
The Blue Venture Fund,1
The Citco Group Limited,1
The Depository Trust & Clearing Corporation,1
The Depository Trust & Clearing Corporation (DTCC),1
The Guitar Center Company,1
The Hartford,1
TheHiveCareers,1
Thomasmount Consulting,1
Tokopedia,1
Toolyt,1
TopGrep Tech Private Limited,1
Tops Infosolutions,1
Tradeweb,1
Tradeweb Markets,1
Trane Technologies,1
TransPerfect,1
Treebo Hospitality Ventures,1
Tricon Energy,1
Truviq Systems,1
Tyson Foods,1
Tyson IT solutions India,1
U.S. Bank,1
Uber,1
Ubisoft,1
Unacademy,1
Unison Group,1
United Airlines,1
Unity SFB,1
Universal Education,1
University Living,1
VDart Software Services Private Limited,1
VDart Software Services Pvt. Ltd.,1
Valenta,1
ValueMomentum,1
Vbeyond Corporation,1
Vedita Ventures,1
Vendavo,1
Vera Bradley,1
Verifone,1
Verisk Analytics,1
Viavi Solutions,1
Vikash Technologies,1
Vinayak Outsourcing Works,1
ViralChilly,1
Visa,1
Vistance Networks,1
Vistex,1
Vistex Career,1
Vois,1
Volante Technologies,1
Volvo Group India Private Limited,1
WHEEBOX,1
WNS,1
WPP Production,1
Wabtec,1
Wabtec Corporation,1
Wadhwani AI,1
Warner Bros. Discovery,1
Weatherford,1
Webkit24,1
WeblineIndia,1
Welo Data,1
Western Digital,1
Whisk Software Private Limited,1
Whitecrow,1
WillWare Technologies,1
Wise,1
Wishup,1
Wk,1
Workfreaks Business Services Private Limited,1
Wroots Global Private Limited,1
"XPO, Inc.",1
Xapads,1
YO AI Labs,1
Yahoo,1
Yash Technologies,1
YouTrip,1
ZH healthcare,1
Zealsoft Technology Solutions Private Limited,1
Zelis,1
Zepz,1
alegeus,1
amadeus,1
amdocs,1
apexx,1
arena-investors-lp,1
aresmgmt,1
ascendion,1
astreya,1
azenta,1
barracuda-networks-inc,1
bigsteptech,1
billgosling,1
bolna,1
cambridgetechnology,1
cieloprojects,1
circlelogistics1,1
clarisights,1
codvo-team,1
colliers1,1
cotality,1
cubic,1
dexcarehealth,1
diconium,1
dowjones,1
dynata,1
eBay,1
ePS Software,1
eProductivity Software,1
elemica,1
elevancehealth,1
fampay,1
flutterbe,1
getinz-people,1
gh,1
gmx.io,1
hackajob,1
hbfuller,1
innovaccer-analytics,1
issgovernance,1
kaufmanrossin,1
lbg,1
learners point.org,1
lilly,1
mdlz,1
metromakro,1
mobility,1
modeln,1
modmed,1
ncratleos,1
nttlimited,1
nucleusteq,1
nxwave,1
openlane,1
parker,1
pavebank,1
people10,1
pinebridge,1
pinnacle,1
protiviti india,1
protolabs,1
qadinc,1
quickenloans,1
r3 Consultant,1
razorpaysoftwareprivatelimited,1
remote next,1
remote zest jobs,1
remotestar-team,1
robusta,1
sedintechnologies-talent,1
sensor-tower,1
sgs,1
slice,1
suntekai,1
svb,1
target.com,1
thgrp,1
tieto2,1
ubisoft2,1
unilever,1
valocityglobal,1
veralto,1
vxi,1
wf,1
wikimedia,1
woodmac,1
zolve,1
